system,scenario_bucket,n_items,n_base_items,mean_overall_mos,overall_mos_ci_low,overall_mos_ci_high,mean_echo_annoyance_mos,echo_annoyance_mos_ci_low,echo_annoyance_mos_ci_high,mean_nearend_naturalness_mos,nearend_naturalness_mos_ci_low,nearend_naturalness_mos_ci_high,mean_acceptability_binary,acceptability_binary_ci_low,acceptability_binary_ci_high,mean_confidence,confidence_ci_low,confidence_ci_high
ASTWS public checkpoint transfer,double_talk,12,12,3.695,3.244979166666667,4.0916875,3.4875000000000003,2.7048958333333335,4.1941875,3.9333333333333336,3.7033125,4.1291875000000005,0.6666666666666666,0.4166666666666667,0.9166666666666666,4.0,4.0,4.0
ASTWS public checkpoint transfer,echo_path_motion,12,12,3.0716666666666668,2.8033333333333332,3.3492083333333333,2.3408333333333333,2.0257708333333335,2.6750624999999997,4.410833333333334,4.06325,4.727520833333334,0.3333333333333333,0.08333333333333333,0.5833333333333334,4.0,4.0,4.0
ASTWS public checkpoint transfer,far_end_single_talk,12,12,2.8383333333333334,2.5,3.220104166666666,2.0683333333333334,1.795,2.3533541666666666,4.998333333333333,4.995833333333334,5.0,0.16666666666666666,0.0,0.4166666666666667,4.0,4.0,4.0
ASTWS public checkpoint transfer,low_ser_overlap,12,12,3.1858333333333335,2.8791458333333333,3.4933541666666668,2.569166666666667,2.1924791666666663,2.9766874999999997,3.8441666666666667,3.5590625,4.0725,0.5,0.25,0.75,4.0,4.0,4.0
ASTWS public checkpoint transfer,near_end_single_talk,12,12,4.443333333333333,4.369166666666667,4.513354166666667,5.0,5.0,5.0,3.7633333333333336,3.5949583333333335,3.901666666666667,1.0,1.0,1.0,4.0,4.0,4.0
ASTWS public checkpoint transfer,noisy_double_talk,12,12,3.1025,2.7774791666666663,3.4217083333333336,2.5058333333333334,2.145,2.845854166666667,3.734166666666667,3.479979166666667,3.970854166666667,0.5,0.25,0.75,4.0,4.0,4.0
ASTWS-H16k,double_talk,12,12,3.783333333333333,3.3357916666666667,4.158354166666666,4.345,4.049166666666666,4.601666666666667,3.279166666666667,2.7041041666666663,3.782520833333333,0.8333333333333334,0.5833333333333334,1.0,4.0,4.0,4.0
ASTWS-H16k,echo_path_motion,12,12,3.6225,3.0833125000000003,4.1375625000000005,3.3608333333333333,2.6656874999999998,3.9609791666666663,4.150833333333333,3.584166666666667,4.5741875,0.5833333333333334,0.3333333333333333,0.8333333333333334,4.0,4.0,4.0
ASTWS-H16k,far_end_single_talk,12,12,4.05,3.5008125000000003,4.541666666666667,3.4125,2.7116458333333333,4.0650625,4.9591666666666665,4.9075,5.0,0.75,0.5,1.0,4.0,4.0,4.0
ASTWS-H16k,low_ser_overlap,12,12,3.1308333333333334,2.7933333333333334,3.4733541666666663,4.298333333333334,4.1983125,4.402520833333333,2.3525,2.017479166666667,2.738375,0.4166666666666667,0.16666666666666666,0.6666666666666666,4.0,4.0,4.0
ASTWS-H16k,near_end_single_talk,12,12,4.2225,4.124979166666667,4.315,4.9991666666666665,4.9975000000000005,5.0,3.4058333333333333,3.239916666666667,3.5725,1.0,1.0,1.0,4.0,4.0,4.0
ASTWS-H16k,noisy_double_talk,12,12,3.5975,3.1940416666666667,3.975833333333333,4.443333333333333,4.336645833333334,4.542520833333334,2.8833333333333333,2.4757708333333337,3.3350416666666662,0.6666666666666666,0.4166666666666667,0.9166666666666666,4.0,4.0,4.0
Deep Echo public checkpoint transfer,double_talk,12,12,3.4716666666666667,2.9725,3.967666666666666,3.8241666666666667,3.1533125,4.385041666666666,3.27,2.5999791666666665,3.8558541666666666,0.5,0.25,0.75,4.0,4.0,4.0
Deep Echo public checkpoint transfer,echo_path_motion,12,12,3.5775,3.1758124999999997,3.9566874999999997,3.2466666666666666,2.70325,3.7433541666666668,3.921666666666667,3.306645833333333,4.490124999999999,0.6666666666666666,0.4166666666666667,0.9166666666666666,4.0,4.0,4.0
Deep Echo public checkpoint transfer,far_end_single_talk,12,12,3.93,3.3299583333333334,4.479229166666666,3.336666666666667,2.6366458333333336,3.9558541666666667,4.973333333333334,4.93,5.0,0.6666666666666666,0.4166666666666667,0.9166666666666666,4.0,4.0,4.0
Deep Echo public checkpoint transfer,low_ser_overlap,12,12,2.8966666666666665,2.6391666666666667,3.154166666666667,3.9408333333333334,3.795,4.097541666666666,2.0991666666666666,1.8249791666666666,2.368333333333333,0.3333333333333333,0.08333333333333333,0.5833333333333334,4.0,4.0,4.0
Deep Echo public checkpoint transfer,near_end_single_talk,12,12,4.3933333333333335,4.311625,4.469187499999999,5.0,5.0,5.0,3.6775,3.501625,3.835,1.0,1.0,1.0,4.0,4.0,4.0
Deep Echo public checkpoint transfer,noisy_double_talk,12,12,3.305,2.9607708333333336,3.6441874999999997,4.035,3.884145833333333,4.170833333333333,2.5591666666666666,2.1558125,2.9858541666666665,0.5833333333333334,0.3333333333333333,0.8333333333333334,4.0,4.0,4.0
NLMS,double_talk,12,12,3.501666666666667,3.035,3.96,3.6975,3.0656875,4.243333333333333,3.1891666666666665,2.6089583333333333,3.723395833333333,0.5833333333333334,0.3333333333333333,0.8333333333333334,4.0,4.0,4.0
NLMS,echo_path_motion,12,12,3.328333333333333,2.8683125,3.822520833333333,3.1175,2.5899791666666663,3.6683333333333334,3.7583333333333333,3.183333333333333,4.355833333333333,0.4166666666666667,0.16666666666666666,0.6666666666666666,4.0,4.0,4.0
NLMS,far_end_single_talk,12,12,4.108333333333333,3.634979166666667,4.520208333333333,3.4716666666666667,2.940729166666667,3.9858541666666665,4.958333333333333,4.895833333333333,5.0,0.75,0.5,1.0,4.0,4.0,4.0
NLMS,low_ser_overlap,12,12,2.6933333333333334,2.447416666666667,2.958354166666666,3.493333333333333,3.0382916666666664,3.9133541666666662,2.0858333333333334,1.7558333333333334,2.4675833333333324,0.25,0.0,0.5,4.0,4.0,4.0
NLMS,near_end_single_talk,12,12,4.3933333333333335,4.3133333333333335,4.475,5.0,5.0,5.0,3.6775,3.515,3.835875,1.0,1.0,1.0,4.0,4.0,4.0
NLMS,noisy_double_talk,12,12,2.6708333333333334,2.4,2.9916666666666667,3.7783333333333333,3.5466249999999997,3.9816875,2.015833333333333,1.73,2.3492499999999996,0.16666666666666666,0.0,0.4166666666666667,4.0,4.0,4.0
SC-AEC-Echo,double_talk,12,12,3.6366666666666667,3.1783125,4.075020833333333,4.3116666666666665,4.003312500000001,4.587583333333333,3.0116666666666667,2.3499583333333334,3.6225208333333336,0.6666666666666666,0.4166666666666667,0.9166666666666666,3.8333333333333335,3.5833333333333335,4.0
SC-AEC-Echo,echo_path_motion,12,12,3.1083333333333334,2.663333333333333,3.560249999999999,3.8816666666666664,3.2448750000000004,4.394187499999999,3.004166666666667,2.269125,3.7108333333333334,0.4166666666666667,0.16666666666666666,0.6666666666666666,3.8333333333333335,3.5833333333333335,4.0
SC-AEC-Echo,far_end_single_talk,12,12,3.4033333333333333,3.0190208333333333,3.7366875,3.194166666666667,2.5724375,3.795020833333333,4.085,3.6723958333333333,4.473333333333333,0.6666666666666666,0.4166666666666667,0.9166666666666666,3.5833333333333335,3.3333333333333335,3.8333333333333335
SC-AEC-Echo,low_ser_overlap,12,12,2.53,2.4,2.79,4.286666666666667,4.197479166666667,4.366666666666667,1.64,1.3566458333333333,1.9958333333333333,0.08333333333333333,0.0,0.25,4.0,4.0,4.0
SC-AEC-Echo,near_end_single_talk,12,12,4.41,4.350812499999999,4.465,4.998333333333333,4.995833333333334,5.0,3.734166666666667,3.6074791666666663,3.848333333333333,1.0,1.0,1.0,4.0,4.0,4.0
SC-AEC-Echo,noisy_double_talk,12,12,2.9741666666666666,2.6156875,3.4151458333333324,4.315833333333333,4.183333333333334,4.439166666666667,2.0375,1.5174583333333336,2.571708333333333,0.3333333333333333,0.08333333333333333,0.5833333333333334,4.0,4.0,4.0
SC-AEC-Preserve,double_talk,12,12,3.535833333333333,3.0975,3.948375,4.2425,3.9233333333333333,4.508333333333334,2.861666666666667,2.2158125,3.485,0.5833333333333334,0.3333333333333333,0.8333333333333334,4.0,4.0,4.0
SC-AEC-Preserve,echo_path_motion,12,12,3.5324999999999998,3.0649583333333332,3.9750208333333337,3.8733333333333335,3.348291666666667,4.275,3.4066666666666667,2.7057708333333332,4.083333333333333,0.6666666666666666,0.4166666666666667,0.9166666666666666,4.0,4.0,4.0
SC-AEC-Preserve,far_end_single_talk,12,12,3.4908333333333332,3.0732916666666665,3.885,3.2275,2.6025,3.8534999999999995,4.215833333333333,3.8799791666666663,4.5166875,0.6666666666666666,0.4166666666666667,0.9166666666666666,3.75,3.5,4.0
SC-AEC-Preserve,low_ser_overlap,12,12,2.7775,2.5,3.100833333333333,4.159166666666667,4.0625,4.2591875,1.9675,1.6357916666666668,2.3475208333333333,0.16666666666666666,0.0,0.4166666666666667,4.0,4.0,4.0
SC-AEC-Preserve,near_end_single_talk,12,12,4.4025,4.333333333333334,4.474166666666667,5.0,5.0,5.0,3.7075,3.5616666666666665,3.8491874999999998,1.0,1.0,1.0,4.0,4.0,4.0
SC-AEC-Preserve,noisy_double_talk,12,12,3.03,2.6340625,3.4792083333333332,4.275833333333334,4.170833333333333,4.3758333333333335,2.171666666666667,1.645625,2.7266874999999997,0.3333333333333333,0.08333333333333333,0.5833333333333334,4.0,4.0,4.0
